,core_capital,supplementary_capital,price,number_of_shares,capitalization,core_capital_per_share,supplementary_capital_per_share
06N,13922.0,20056.0,3.7949999910213887,13921975,52833895,0.0010000017957222304,0.0014406002021983232
OCTAVA,4279.0,22113.0,1.0099999887815994,42786848,43214716,0.00010000736674970776,0.0005168176912681205
11-BIT-STUDIOS,238.0,149153.0,673.0,2380144,1601836912,9.999394994588563e-05,0.06266553620285159
ATAL,193573.0,721400.0,42.4,38714610,1641499464,0.004999998708497903,0.018633792255688484
3RG,7564.0,3125.0,0.4319999978846578,75637880,32675564,0.00010000280282842407,4.13152774773698e-05
AAT,15270.0,186208.0,1.7599999869022902,15269845,26874927,0.001000010150725171,0.012194491823590874
ABE,16188.0,146943.0,50.5,16187644,817476022,0.0010000219920823562,0.009077479094548905
ASSECO-BUSINESS-SOLUTIONS,167091.0,62543.0,39.60000000598476,33418193,1323360443,0.005000001047333709,0.0018715254891250404
ACG,2518.0,111731.0,32.90000002978057,10073683,331424171,0.00024995823275360165,0.011091375418503838
ASSECO-POLAND,83000.0,4180100.0,75.09999999638555,83000303,6233322755,0.0009999963494109173,0.05036246674906717
ACTION,2004.0,77207.0,17.68,20037000,354254160,0.0001000149723012427,0.003853221540150721
ADIUVO-INVESTMENT,1318.0,116911.0,0.8359999805682954,13174346,11013753,0.00010004291674136994,0.008874140697382625
AGORA,46581.0,147192.0,5.700000006440417,46580831,265510737,0.0010000036281018689,0.0031599264512906606
AGROTON,2049.0,274414.0,3.3,21670000,71511000,9.455468389478542e-05,0.012663313336409783
ALE,10569.0,8282469.0,26.159999999545843,1056904853,27648630954,9.999954082905511e-06,0.007836532282438104
ALG,6000.0,40084.0,1.4699999939999389,59999388,88199100,0.00010000102001040411,0.000668073481016173
ALTUS,4092.0,11111.0,1.77,40920000,72428400,0.0001,0.00027152981427174975
ALL,3707.0,38412.0,20.400000032374237,12355504,252052282,0.000300028230333623,0.0031088978644659092
AMBRA,25207.0,67718.0,23.400000015868834,25206644,589835470,0.0010000141232605181,0.0026865139206948773
AMICA,15600.0,1061200.0,77.90000003858385,7775273,605693767,0.0020063604197563226,0.13648395368239805
ALUMETAL,1563.0,17844.0,81.8999999808114,15634287,1280448105,9.997257949786901e-05,0.0011413376254382436
ANR,867.0,152115.0,29.949999985709432,17494055,523946947,4.955969327865952e-05,0.008695239611399416
APS-ENERGIA,5637.0,9828.0,3.479999995742491,28185494,98085519,0.000199996494650759,0.0003486900034464537
AMPLI,3282.0,0.0,1.14,3282000,3741480,0.001,0.0
APLISENS,2300.0,22976.0,15.899999991304,11499539,182842670,0.00020000801771271004,0.001997993136942272
APR,13062.0,106299.0,18.56,130620000,2424307200,0.0001,0.0008138033991731741
APATOR,3265.0,561820.0,13.95999999754955,32647073,455753139,0.00010000896558169242,0.01720889342821024
ARH,256703.0,134497.0,18.500000019477728,25670343,474901346,0.009999983249152534,0.005239392399236738
ARTERIA,854.0,23640.0,9.0,4269520,38425680,0.00020002248496318086,0.005536922183289925
ARTIFEX,119.0,24331.0,11.7,11897000,139194900,1.0002521644111961e-05,0.0020451374296041017
ASBISC,48860.0,104415.0,29.0,55500000,1609500000,0.0008803603603603603,0.0018813513513513513
ASSECO-SOUTH-EASTERN-EUROPE,518943.0,38826.0,48.19999999614601,51894251,2501302898,0.010000009442279068,0.0007481753614673039
ASM-GROUP,57020.0,0.0,0.45000000175378163,57019642,25658839,0.0010000062785381922,0.0
ASTARTA,1217.0,270946.0,23.7,25000000,592500000,4.868e-05,0.01083784
ARCTIC-PAPER,69288.0,407976.0,21.449999994948605,69287783,1486222945,0.0010000031318652524,0.005888137595627789
ATENDE,7269.0,14762.0,2.6699999867926296,36343344,97036728,0.00020000911308546622,0.00040618166561668073
ATM-GRUPA,8430.0,178343.0,3.19,84300000,268917000,0.0001,0.0021155753262158956
ATLANTA-POLAND,6092.0,58085.0,8.799999967169542,6091904,53608755,0.0010000157586199652,0.009534785840354673
ATREM,4615.0,19457.0,4.680000030335601,9230079,43196770,0.0004999957205133347,0.0021079992923137493
ATS,158284.0,0.0,1.03,11250000,11587500,0.014069688888888888,0.0
ATT,495977.0,2418270.0,33.679999998790265,99195484,3340903901,0.00499999576593628,0.024378831600841828
AIRWAY-MEDIX,19862.0,1174.0,0.32600000438217763,58418444,19044413,0.0003399953617388371,2.0096392844698156e-05
B24,221.0,7831.0,25.900000135841694,2208453,57198933,0.00010007004903432403,0.003545921058768287
BAHOLDING,8310.0,54661.0,0.5119999946091452,41551852,21274548,0.0001999910858365591,0.0013154888980640381
BBI-DEVELOPMENT,50946.0,0.0,4.119999992105458,10133584,41750366,0.0050274414264489245,0.0
BBT,6750.0,32063.0,14.58,13540000,197413200,0.0004985228951255539,0.0023680206794682423
BETACOM,2020.0,12755.0,7.9,2020000,15958000,0.001,0.006314356435643565
BCS,414.0,9447.0,46.9,4135000,193931500,0.00010012091898428053,0.0022846432889963722
BCX,343.0,14438.0,47.0,3579468,168234996,9.582429567745821e-05,0.004033560294434815
BUDIMEX,145848.0,80199.0,314.0,25530098,8016450772,0.005712786531410886,0.0031413510437758602
ELEKTROCIEPLOWNIA-BEDZIN,37728.0,0.0,6.0,3149200,18895200,0.011980185443922266,0.0
BENEFIT-SYSTEMS,2934.0,291378.0,1110.0,2933542,3256231620,0.0010001561252574534,0.09932634337602803
BIOTON,1717284.0,260776.0,3.425,85864200,294084885,0.02,0.0030370748228015867
BIO-PLANET,3000.0,19139.0,10.8,3000000,32400000,0.001,0.006379666666666666
BUMECH,57926.0,8276.0,33.120000002762126,14481608,479630857,0.003999970169058574,0.0005714834982413555
BIOMED-LUBLIN,6526.0,95034.0,5.2,70260410,365354132,9.288303327578077e-05,0.001352596718407991
BIOMAXIMA,4329.0,9841.0,26.35,4328500,114055975,0.0010001155134573179,0.002273535866928497
BOWIM,1951.0,52334.0,10.599999989751288,19514647,206855258,9.997618711729707e-05,0.0026817805108132367
BRASTER,2756.0,111474.0,0.5939999995916048,29383298,17453679,9.379478096706503e-05,0.003793787885893544
BERLING,17550.0,15873.0,6.95,17550200,121973890,0.0009999886041184717,0.0009044341375027066
BORYSZEW,248906.0,114435.0,6.3,240000000,1512000000,0.0010371083333333333,0.0004768125
BEST,22270.0,0.0,21.0,22157829,465314409,0.001005062364187394,0.0
INTER-CARS,28336.0,2361841.0,564.0,14168100,7990808400,0.0019999858837811703,0.1667013219838934
CAV,330538.0,90395.0,19.0,25426034,483094646,0.012999982616242864,0.0035552143130147627
CCC,5500.0,1148000.0,35.72,54868000,1959884960,0.00010024057738572574,0.020922942334329665
CLEAN-CARBON-ENERGY,68560.0,0.0,0.39,34280000,13369200,0.002,0.0
CDL,3027.0,88061.0,18.700000033033042,6054544,113219973,0.0004999550750642823,0.014544613103810956
CD-PROJEKT,100739.0,1530035.0,114.06,100770800,11493917448,0.0009996844323950985,0.015183316992620878
CEZ,10447766.0,0.0,205.20000000037174,537989759,110395498547,0.019420009071213565,0.0
CFI-HOLDING,852771.0,0.0,0.22400000014540827,2750874900,616195978,0.00030999992038896425,0.0
CIECH,287614.0,470846.0,55.0,52699909,2898494995,0.005457580581401004,0.008934474630686744
CI-GAMES,1829.0,78653.0,3.330000000273309,182943015,609200240,9.997648721379169e-06,0.00042993169211735143
CLOUD-TECHNOLOGIES,500.0,33979.0,45.2,5000000,226000000,0.0001,0.0067958
COAL-ENERGY,1712.0,295068.0,1.3419999991113307,45011120,60404923,3.8035045562074436e-05,0.00655544674293819
CLNPHARMA,5104.0,587104.0,14.98,51035000,764504300,0.00010000979719800138,0.011503948270794553
COMP,14026.0,290516.0,49.60000003564714,5610548,278283181,0.0024999340527877135,0.051780325201745
COMARCH,8133.0,143041.0,132.60001003276756,8133349,1078482159,0.0009999570902465885,0.017586974320172415
CENTRUM-NOWOCZESNYCH-TECHNOLOGII,29600.0,0.0,14.25000003628376,6890135,98184424,0.004295997103104656,0.0
COGNOR,257131.0,351548.0,10.140000001050048,171420663,1738205523,0.0015000000320848136,0.002050791274795151
CAPITAL-PARTNERS,1000.0,0.0,1.07,10000000,10700000,0.0001,0.0
CPD,897.0,0.0,7.1000000557650775,8966185,63659914,0.00010004254875401299,0.0
CAPITAL-PARK,108334.0,826398.0,8.959999999261543,108333998,970672622,0.0010000000184614251,0.007628242428567992
COMPERIA-PL,354.0,11266.0,8.700000028252203,3539547,30794059,0.00010001279824791138,0.0031828931781383322
CPR,44837.0,161244.0,2.620000004906687,44836769,117472335,0.0010000051520215473,0.003596244858767589
CYFROWY-POLSAT,25600.0,7174000.0,15.800000000312721,639546016,10104827053,4.002839414138419e-05,0.011217332014464461
CRI,198.0,56362.0,148.0,1982790,293452920,9.985928918342336e-05,0.02842560230785913
CRJ,679.0,3426.0,845.0,679436,574123420,0.0009993582912886571,0.005042417534543356
CORMAY,84205.0,92811.0,0.7629999987649191,84205008,64248421,0.0009999999049937743,0.0011022028523529146
CASPAR-ASSET-MANAGEMENT,1972.0,17338.0,13.500000050700349,9861865,133135178,0.00019996217753944108,0.0017580853114497106
CTS,44474.0,98802.0,5.8,31610000,183338000,0.001406959822840873,0.0031256564378361277
CTX,417.0,170031.0,143.50000011878885,4209149,604012882,9.906990700495516e-05,0.04039557639798449
CZERWONA-TOREBKA,15005.0,284925.0,0.6300000055980545,75026066,47266422,0.0001999971583209494,0.0037976801289301243
DAD,2321.0,87933.0,10.7,11604850,124171895,0.00020000258512604642,0.0075772629547129
DAT,513.0,171967.0,68.9799999532436,5132988,354073512,9.994178829173183e-05,0.033502318727415686
DEBICA,110422.0,327776.0,62.2,13802750,858531050,0.008,0.023747151835684918
DECORA,527.0,157271.0,35.500000047406566,10547063,374420737,4.996651674499337e-05,0.014911354943077519
DEKPOL,8363.0,26309.0,31.100000011958077,8362549,260075274,0.00100005393092465,0.0031460503250862865
DELKO,5980.0,0.0,11.3,11960000,135148000,0.0005,0.0
DGA,9042.0,8056.0,7.500000442368654,1130279,8477093,0.007999794740944493,0.007127443755037473
4FUN-MEDIA,4239.0,13390.0,13.0,4238962,55106506,0.001000008964458752,0.0031587921760091267
DNP,9804.0,3512022.0,391.10000999592,98040000,38343444980,0.0001,0.03582233782129743
DOK,137.0,184.0,21.0,1410000,29610000,9.716312056737588e-05,0.00013049645390070922
DOM-DEVELOPMENT,25548.0,934848.0,127.0,25598422,3250999594,0.000998030269209563,0.03651975110028267
DROZAPOL-PROFIL,30593.0,18567.0,6.76,6118550,41361398,0.005000040859353932,0.0030345424978140247
DTR,249.0,4527.0,12.4,2485775,30823610,0.00010016996711287224,0.0018211624141364364
DVL,447558.0,758860.0,3.0999999997765655,447558311,1387430764,0.0009999993051184788,0.0016955555987876627
ESOTIQ-HENDERSON,224.0,14756.0,28.9,2233500,64548150,0.00010029102305798074,0.006606671143944482
EAT,103178.0,780868.0,18.33999999899797,219554183,4026623716,0.00046994322125941916,0.0035566072544379627
ECHO-INVESTMENT,20635.0,1081574.0,3.3149999992003694,412690582,1368069279,5.000114104857377e-05,0.0026207867278153683
ED-INVEST,619.0,59504.0,4.080000003229274,12386687,50537683,4.997300731018714e-05,0.004803867248764742
EKO-EXPORT,1315.0,33716.0,1.5600000212934848,13149562,20513317,0.00010000333090942497,0.0025640397756214236
EFEKT,4995.0,0.0,6.9,4995450,34468605,0.000999909918025403,0.0
EUROHOLD-BULGARIA,624653.0,345370.0,3.62,260500000,943010000,0.0023979001919385797,0.0013257965451055661
ELKOP,78836.0,1538.0,0.3819999913132612,46047200,17590030,0.0017120693549227749,3.340051078024288e-05
ELEKTROTIM,9983.0,43440.0,9.400000040068079,9983009,93840285,0.0009999990984682072,0.004351393452615339
ELZAB,22143.0,78305.0,1.9,16137050,30660395,0.0013721838873895786,0.004852497823332021
EMA,600.0,118314.0,33.900000049972654,6003283,203511294,9.99453132560967e-05,0.01970821632096971
EMC,165787.0,75387.0,9.600000009650962,41446646,397887802,0.00400001003700034,0.0018188926553912228
ENA,676306.0,3348670.0,6.125000000707907,529731093,3244602945,0.0012766968164355042,0.006321452609163721
ENEL-MED,28280.0,98915.0,13.699999989391902,28280279,387439822,0.0009999901344679095,0.0034976670491829306
ENERGA,4522000.0,1661000.0,6.799999999516986,414067114,2815656375,0.010920934909117172,0.004011426997798236
ENERGOINSTAL,1800.0,111677.0,0.604,18000000,10872000,0.0001,0.006204277777777778
ENERGOAPARATURA,3935.0,14263.0,1.8600000040657179,19676722,36598703,0.0001999824970846262,0.0007248666724061051
ENT,17544.0,117983.0,34.1,17543750,598241875,0.001000014250089063,0.006725073031706448
ERBUD,1210.0,262074.0,35.30000003306741,12096502,427006521,0.00010002891745068119,0.02166527149749572
ERG,17520.0,11495.0,43.60000022830581,876018,38194385,0.01999958904954008,0.013121876491122328
EST,14.0,570.0,1.2769999883777712,16606109,21206001,8.430632365474657e-07,3.4324717488003965e-05
EUROTEL,750.0,46621.0,79.6,3748255,298361098,0.00020009310999385046,0.01243805450803107
EUROPEJSKIE-CENTRUM-ODSZKODOWAN,560.0,10015.0,1.215,5600000,6804000,0.0001,0.001788392857142857
EUROCASH,139163.0,582959.0,13.60999999669453,139163286,1894012322,0.0009999979448602557,0.004189028706896156
FEERUM,33383.0,9366.0,5.899999958062118,9537916,56273704,0.003500030824343599,0.0009819755175029849
FERRUM,178946.0,34141.0,3.500000008633866,57911485,202690198,0.003089991562122781,0.0005895376366190575
FAST-FINANCE,1000.0,74426.0,0.755,1250000,943750,0.0008,0.0595408
FAMUR,6000.0,1186000.0,3.6899999993561643,574680673,2120571683,1.0440580798860449e-05,0.0020637548045747485
FMG,37884.0,0.0,61.0,196292,11973812,0.19299818637539992,0.0
FON,882.0,140387.0,4.48,1875000,8400000,0.0004704,0.07487306666666667
FERRO,21243.0,82374.0,24.6,21242655,522569313,0.0010000162409077396,0.0038777638670872356
FASING,8731.0,5298.0,12.500000160914043,3107249,38840613,0.0028098810233746956,0.0017050452023638916
FORTE,23931.0,114556.0,28.0,23930769,670061532,0.0010000096528448375,0.004786975295277807
GBK,5000.0,0.0,3.75,100000000,375000000,5e-05,0.0
GIF,563.0,18236.0,5.6,5627700,31515120,0.0001000408692716385,0.0032404001634770865
GIG,6575.0,234807.0,1.489999998175013,65753888,97973293,9.999408704166664e-05,0.003570997961367699
GKI,18841.0,103711.0,2.1200000021230596,75362932,159769416,0.00025000354285579016,0.0013761539957070673
GLOBAL-COSMED,87339.0,89720.0,2.0500000045798736,87338652,179044237,0.001000003984490166,0.0010272656830105414
GMT,936.0,16861.0,10.279999980312132,10158540,104429791,9.213922473111293e-05,0.0016597857566146316
GOBARTO,278002.0,0.0,8.200000007194186,27800229,227961878,0.009999989568431253,0.0
GOP,550.0,5071.0,13.3,5499260,73140158,0.00010001345635594607,0.0009221240676018228
GPP,341325.0,238247.0,55.89999999414049,68265026,3816014953,0.004999998095657357,0.0034900301656663837
GPW,63865.0,0.0,35.96,41972000,1509313120,0.0015216096445249214,0.0
GRODNO,1538.0,16396.0,13.299999980496509,15381861,204578751,9.998790133391532e-05,0.0010659308389277475
GRX,351473.0,49550.0,1.7219999999684568,253620464,436734439,0.0013858227149998433,0.0001953706700891455
GTC,57426.0,2997840.0,6.160000000835866,574255122,3537411552,0.00010000084944823531,0.005220397494338762
HYDROTOR,4797.0,13350.0,41.3,2398300,99049790,0.002000166784805904,0.005566442897052079
HELIO,2500.0,100033.0,11.9,5000000,59500000,0.0005,0.0200066
HOLLYWOOD,68564.0,71291.0,0.9859999933523236,67091111,66151835,0.001021953564012377,0.001062599783151601
HM-INWEST,2336.0,0.0,18.0,2336312,42053616,0.0009998664561924949,0.0
HARPER-HYGIENICS,1546.0,57795.0,4.79,6367000,30497930,0.00024281451232919743,0.00907727344118109
HERKULES,68238.0,59941.0,0.9800000029309093,34119105,33436723,0.0019999938450906024,0.0017568163057032123
HUG,10.0,1542190.0,27.760000003323572,84246697,2338688309,1.1869901558277116e-07,0.018305643484159386
IBSM,77355.0,0.0,66.0,386774,25527084,0.20000051709784009,0.0
ICE,627.0,47420.0,15.88,6272575,99608491,9.995894827881691e-05,0.007559893664085324
INDYGOTECH-MINERALS,8265.0,61022.0,0.25,16529188,4132297,0.0005000245626100931,0.0036917723968049733
IDM,2271.0,0.0,0.8250000077053675,45422882,37473878,4.999682759011196e-05,0.0
IFC,49296.0,1918.0,1.024999999048632,105111804,107739599,0.00046898633763340226,1.8247237008699802e-05
IFI,640.0,996.0,21.3,6400000,136320000,0.0001,0.000155625
IFR,1899.0,30180.0,2.38,4050000,9639000,0.0004688888888888889,0.007451851851851852
IIA,649059.0,22646507.0,53.50000000360569,138669711,7418829539,0.004680611182639589,0.1633125708324293
INDUSTRIAL-MILK-COMPANY,307.0,351442.0,15.599999988732542,35500464,553807238,8.647774293879652e-06,0.009899645255340888
IMP,4699.0,12743.0,1.8749999840387912,7831487,14684038,0.0006000137649465548,0.0016271494800412744
IMS,622.0,19667.0,2.6299999944262242,32294086,84933446,1.92604924629234e-05,0.0006089969538075795
INC,1204.0,11936.0,2.010000000830351,12043099,24206629,9.997426742070292e-05,0.0009911070232005899
INSTAL-KRAKOW,7286.0,10080.0,31.4,7285500,228764700,0.0010000686294694941,0.0013835701050030882
INTROL,5141.0,43694.0,6.059999996887647,25704018,155766349,0.0002000076408287607,0.0016998898771390528
INPRO,4004.0,62237.0,5.3,40040000,212212000,0.0001,0.0015543706293706294
IPOPEMA,2994.0,10351.0,2.3000000066805097,29937836,68857023,0.00010000722831135824,0.00034574977296288214
INTERSPPL,3413.0,1136.0,0.8080000117196542,34130700,27577606,9.999794906052323e-05,3.328381779453688e-05
INTER-RAO-LIETUVA,26677.0,5441.0,11.54,20000000,230800000,0.00133385,0.00027205
INTERBUD-LUBLIN,702.0,28264.0,1.03,7016000,7226480,0.0001000570125427594,0.004028506271379704
IZOBLOK,12670.0,42268.0,35.4,1267000,44851800,0.01,0.03336069455406472
IZOLACJA-JAROCIN,798.0,13765.0,3.44,3800000,13072000,0.00021,0.0036223684210526315
IZOSTAL,65488.0,38175.0,2.91,32744000,95285040,0.002,0.0011658624480820913
JSW-JASTRZEBSKA-SPOLKA-WEGLOWA,1251900.0,905000.0,45.45999999863727,117411596,5337531154,0.010662490270552152,0.007707926906981147
JWW-INVEST,1100.0,29231.0,1.92,11000000,21120000,0.0001,0.0026573636363636365
K2-HOLDING,2318.0,5340.0,30.700000202621517,2467655,75757009,0.0009393533536900417,0.0021639978035827537
KRAKCHEMIA,9000.0,20389.0,0.492,9000000,4428000,0.001,0.0022654444444444445
KCI,57609.0,365077.0,0.94,68582150,64467221,0.0008399999125136789,0.005323207277695435
KDM-SHIPPING-PUBLIC-LIMITED,360.0,71825.0,1.4,9296000,13014400,3.87263339070568e-05,0.00772644148020654
KERNEL,9768.0,2202564.0,18.490000003570103,84031230,1553737443,0.00011624249698594201,0.02621125502982641
KGHM,2000000.0,0.0,116.45,200000000,23290000000,0.01,0.0
KGL,7077.0,30071.0,10.350000042393107,7076622,73243038,0.0010000534153159516,0.0042493438253449175
KOGENERACJA,252503.0,251258.0,26.6,14900000,396340000,0.016946510067114093,0.016862953020134228
KOMPAP,5617.0,34011.0,16.100000085461026,4680496,75355986,0.0012000864865603987,0.007266537563540274
KOMPUTRONIK,979.0,19841.0,6.339999983663424,9793974,62093795,9.99594240295104e-05,0.002025837520091436
KPD,5094.0,120736.0,69.6,1622400,112919040,0.003139792899408284,0.07441814595660749
KINO-POLSKA-TV,1982.0,148940.0,13.099999979819795,19821404,259660392,9.999291674797608e-05,0.007514099404865569
KREDYT-INKASO,12897.0,91725.0,9.09999996898591,12897364,117366012,0.0009999717771786544,0.007111918373397851
KRKA,256688.0,0.0,498.0,32793448,16331137104,0.007827417232857002,0.0
KRUK,19139.0,358506.0,302.3999900097263,19318790,5842001903,0.0009906935165194094,0.01855737341727924
KSG-AGRO,743.0,185085.0,1.92,15020000,28838400,4.9467376830892146e-05,0.012322569906790945
KETY,68025.0,60254.0,534.0,9650152,5153181168,0.0070491117652861845,0.006243839475274586
KVT,18378.0,59473.0,12.500000040810287,12251813,153147663,0.0015000228945707872,0.004854220350898271
LABO-PRINT,3812.0,3256.0,13.5,3812000,51462000,0.001,0.0008541448058761805
LIBET,500.0,134668.0,1.65,50000000,82500000,1e-05,0.00269336
LUBAWA,30054.0,106100.0,3.18,150270000,477858600,0.0002,0.0007060624209755773
LENA-LIGHTING,1244.0,97043.0,3.8700000201004623,24875050,96266444,5.0009949728744265e-05,0.0039012182890084644
LES,124587.0,0.0,0.6090000031303354,124587290,75873660,0.000999997672314728,0.0
LKD,3600.0,122370.0,15.0,18000000,270000000,0.0002,0.006798333333333333
LPP,3708.0,3082590.0,9585.0,1854241,17772899985,0.0019997400553649716,1.6624538018520785
LRK,166033.0,12975.0,0.15000003131899967,15964750,2394713,0.010399974944800263,0.0008127280414663556
LRQ,1288.0,2700.0,1.2400000372572515,12883398,15975414,9.997362497067932e-05,0.0002095720399230079
LSI-SOFTWARE,3261.0,8150.0,12.300000122670713,3260762,40107373,0.001000072989074333,0.0024994157807285535
LENTEX,16400.0,79525.0,7.78,40000000,311200000,0.00041,0.001988125
LIVECHAT,515.0,38580.0,141.0,25750000,3630750000,2e-05,0.001498252427184466
BOGDANKA,301158.0,702549.0,37.820000005880004,34013590,1286393974,0.008854049219738347,0.02065494997734729
MABION,1616.0,237443.0,17.140000022274023,16162326,277022268,9.998560850709236e-05,0.014691140371750948
MAKARONY-POLSKIE,33120.0,53521.0,10.35000001358687,11040071,114264735,0.0029999807066458176,0.004847885489142235
MAN,1940.0,3610.0,0.88,22600000,19888000,8.584070796460177e-05,0.00015973451327433628
MBR,35129.0,47084.0,310.0,3512885,1088994350,0.010000042699946055,0.013403228400588121
MBW,720859.0,334611.0,10.5,111989820,1175893110,0.006436826132946727,0.002987869790307726
MCI,52461.0,1721705.0,17.300000001906177,52461033,907575871,0.0009999993709616812,0.0328187399588567
MERCOR,3915.0,106202.0,18.700000031931467,15658535,292814605,0.0002500233897998759,0.006782371403199597
MDG,498.0,148123.0,16.720000032151855,9952769,166410298,5.003632657404186e-05,0.01488259197013414
MDI,161380.0,9651.0,1.2250000032531958,46108506,56482920,0.0035000049665456522,0.00020931062047423526
MEGARON,540.0,9413.0,10.5,2700000,28350000,0.0002,0.0034862962962962964
MEX-POLSKA,767.0,15359.0,3.1000000521822892,7665436,23762852,0.00010005953999224571,0.0020036694585930923
MFO,1321.0,279233.0,35.0,6607490,231262150,0.00019992463098695572,0.04226007152489069
MGT,1335.0,164211.0,102.0,6676854,681039108,0.00019994446486324249,0.0245940678049872
MIRACULUM,38000.0,2850.0,1.36,38000000,51680000,0.001,7.5e-05
MLP-GROUP,5999.0,485348.0,75.19999998332985,23994982,1804422646,0.00025001060638428485,0.020227062474979143
MILKILAND,14563.0,226896.0,0.78,31250000,24375000,0.000466016,0.007260672
MLS,6484.0,91239.0,56.0,6484243,363117608,0.0009999625245383308,0.01407087920671696
MENNICA-POLSKA,51087.0,14047.0,16.900000001957437,51087191,863373528,0.0009999962612937557,0.00027496129117766526
MOC,140.0,101198.0,20.75,14030000,291122500,9.978617248752673e-06,0.007212972202423378
MOJ,9827.0,34762.0,1.9700000427388957,9827114,19359415,0.0009999883994426034,0.003537355931761858
MOL-MAGYAR-OLAJ,924452.0,31622339.0,30.200000000488146,819425403,24746647171,0.0011281710288886418,0.0385908697536437
MONNARI-TRADE,3056.0,126475.0,4.89999999672808,30563089,149759136,9.998989303731701e-05,0.004138161558211606
MOV,2573.0,3421.0,16.90000007772629,2573132,43485931,0.0009999487006496363,0.0013295081635920738
MIRBUD,9174.0,220499.0,6.76,91744200,620190792,9.99954220539282e-05,0.0024034107878209195
MERCATOR,10647.0,57843.0,42.600000037568684,10647166,453569272,0.0009999844089967228,0.005432713268488535
MOSTOSTAL-PLOCK,20000.0,2461.0,18.95,2000000,37900000,0.01,0.0012305
MOSTOSTAL-WARSZAWA,44801.0,108406.0,5.7,20000000,114000000,0.00224005,0.0054203
MOSTOSTAL-ZABRZE,149131.0,0.0,2.4200000002682214,74565269,180447951,0.002000006195914079,0.0
MVP,41653.0,523555.0,6.0199999990396815,41652852,250750169,0.0010000035531780632,0.012569487438699276
MW-TRADE,255.0,24235.0,5.5199998903053,2552539,14090015,9.990053041305148e-05,0.009494468057099225
MXC,135.0,34543.0,9.3,2700000,25110000,5e-05,0.012793703703703703
MUZA,6261.0,13658.0,7.5,3069156,23018670,0.00203997450764966,0.004450083345388765
NEUCA,4420.0,277667.0,618.0,4496549,2778867282,0.0009829760556373344,0.06175113403634654
NNG,16748.0,29351.0,1.4000000199030136,20097459,28136443,0.0008333391798435812,0.0014604333811552993
NTC,8677.0,30241.0,0.7000000207440317,14461991,10123394,0.0005999865440380927,0.0020910675438810603
NTT,83100.0,26289.0,4.71,13850000,65233500,0.006,0.0018981227436823105
NTU,1140.0,0.0,18.1,7807000,141306700,0.00014602280005123608,0.0
PANOVA,10000.0,142844.0,11.2,10000000,112000000,0.001,0.0142844
NVG,3502.0,855.0,1.249999992860261,35015285,43769106,0.00010001346554797427,2.4417907779416904e-05
NOVITA,5000.0,84076.0,106.0,2500000,265000000,0.002,0.0336304
NEWAG,11250.0,0.0,18.800000004444446,45000001,846000019,0.0002499999944444446,0.0
NXG,6000.0,14671.0,3.0,10000000,30000000,0.0006,0.0014671
ORZEL-BIALY,7160.0,363503.0,25.10000000600577,16650649,417931290,0.00043001326855187445,0.021831161055644137
ODLEWNIE-POLSKIE,30164.0,55195.0,9.08000001591278,20109621,182595359,0.0014999785426090327,0.002744706128474525
OEX,1514.0,63004.0,36.099999973576196,7568932,273238445,0.00020002822062610684,0.008324027749225386
OND,1101.0,255580.0,13.34,55030000,734100200,2.0007268762493184e-05,0.004644375795020897
OPG,13145.0,1311692.0,2.750000000190185,1314507629,3614895980,9.999941963060299e-06,0.000997858035253746
ORANGE,3937000.0,832000.0,6.726000000187449,1312357479,8826916404,0.0029999448039111603,0.0006339736034681446
OPTEAM,787.0,47160.0,8.25,7871500,64939875,9.998094391157975e-05,0.005991234199326685
OPONEO-PL,13936.0,125560.0,38.8,13936000,540716800,0.001,0.009009758897818599
OTMUCHOW,5099.0,72255.0,2.86000000197888,30320179,86715712,0.0001681718303839829,0.0023830664060393576
OT-LOGISTICS,3144.0,10736.0,27.3,13098780,357596694,0.00024002235322678907,0.0008196183155988573
OVOSTAR,416.0,153220.0,41.2,6000000,247200000,6.933333333333333e-05,0.025536666666666666
PAS,192.0,1182.0,25.7,2052750,52755675,9.353306540007307e-05,0.0005758129338691998
PATENTUS,11800.0,6448.0,1.49,29500000,43955000,0.0004,0.00021857627118644068
PBS-FINANSE,29266.0,1619.0,0.458,10452000,4787016,0.0028000382701875237,0.00015489858400306161
PBG,16368.0,1022933.0,0.019999999682314827,818420313,16368406,1.9999503604696088e-05,0.0012498871102677531
PEKABEX,24827.0,25245.0,16.349999991944095,24826512,405913471,0.0010000196564060226,0.0010168564959910599
POLICE,1241758.0,0.0,11.700000003221241,124175768,1452856486,0.010000002576992316,0.0
PCF,599.0,121869.0,37.1,30086330,1116202843,1.99093741243947e-05,0.004050643597939663
PC-GUARD,30689.0,0.0,1.1699999195140631,1615189,1889771,0.019000253221140066,0.0
PCO,9.0,0.0,41.3,575000000,23747500000,1.5652173913043478e-08,0.0
ROKITA,19853.0,50113.0,144.8,19853300,2874757840,0.0009999848891620033,0.002524164748429732
PCC-EXOL,174137.0,33618.0,3.480000002067342,174136643,605995518,0.001000002050114174,0.00019305528934539067
PHOTON,2814.0,170014.0,12.059999995754307,61238521,738536563,4.595146901082082e-05,0.002776259080456891
POLENERGIA,133604.0,1515942.0,78.19999999700609,66802246,5223935637,0.001999992634978171,0.022692979514491174
PGE,19184000.0,25049000.0,6.016000000042786,2243712994,13498177372,0.00855011316122012,0.011164083849843765
POINT-GROUP,62371.0,34543.0,2.4800000038529326,10381702,25746621,0.006007781768345884,0.0033272964298146873
PGV,87668.0,11588.0,1.0500000014925606,100498437,105523359,0.0008723319746753872,0.00011530527584225016
POLSKI-HOLDING-NIERUCHOMOSCI,51200.0,2122600.0,12.0,51217313,614607756,0.000999661969771823,0.04144301752026702
PHARMENA,1113.0,44177.0,5.980000014365548,11137758,66603793,9.993034504789923e-05,0.003966417657844604
PROJPRZEM,5983.0,57733.0,16.100000066859266,5982716,96321728,0.001000047470078807,0.009649964999174289
PKN-ORLEN,1974000.0,46405000.0,56.7799999998105,1160942049,65918289542,0.0017003432701058103,0.03997184875849044
PKPCARGO,2239300.0,678000.0,14.779999994194734,44786917,661950633,0.049998976263536964,0.015138349442539212
PLAYWAY,660.0,32142.0,418.5,6600000,2762100000,0.0001,0.00487
PLAZACNTR,30331.0,1250205.0,2.099999956240173,6855603,14396766,0.004424264357198047,0.18236251428211347
PRIMA-MODA,1600.0,9578.0,0.72,3200000,2304000,0.0005,0.002993125
PAMAPOL,34750.0,55891.0,3.68,34750050,127880184,0.0009999985611531493,0.001608371786515415
PEPEES,5700.0,7562.0,1.44,95000000,136800000,6e-05,7.96e-05
PRI,3680.0,25601.0,4.49,3680000,16523200,0.001,0.0069567934782608695
PROCHEM,2355.0,0.0,30.8,2355000,72534000,0.001,0.0
PROTEKTOR,9572.0,10235.0,2.3,19021600,43749680,0.0005032173949615174,0.000538072507044623
PTG,466.0,112733.0,54.0,4663448,251826192,9.992606329050952e-05,0.024173744405427057
PRIMETECH,15610.0,0.0,0.7999999743751263,15609833,12487866,0.0010000106983847938,0.0
PUR,225.0,74194.0,17.18,3214000,55216520,7.00062227753578e-05,0.02308462974486621
POLWAX,1545.0,84457.0,2.82,30900000,87138000,5e-05,0.0027332362459546924
POLIMEX,478238.0,300758.0,4.28000000183052,240368802,1028778473,0.0019896009632730956,0.0012512355908817151
PZU,86000.0,13983000.0,32.12,863523000,27736358760,9.959202013148463e-05,0.01619296764533197
QUANTUM-SOFTWARE,682.0,9672.0,26.0,1364870,35486620,0.0004996812883278261,0.007086389179921897
QUERCUS,5883.0,28845.0,3.550000002655408,56488487,200534129,0.00010414511544626783,0.0005106350255052857
R22,284.0,0.0,51.8,14180000,734524000,2.002820874471086e-05,0.0
RAE,2954.0,481.0,0.5139999966000552,31765222,16327324,9.299478530324768e-05,1.5142346557502415e-05
RAFAMET,43187.0,39039.0,13.399999907379557,4318701,57870593,0.009999997684488924,0.009039523690109595
RAINBOW-TOURS,1455.0,36558.0,28.6,14552000,416187200,9.998625618471687e-05,0.002512231995601979
REDAN,35709.0,0.0,0.1920000042566009,35709244,6856175,0.000999993167035404,0.0
REGNON,44.0,0.0,0.7950000419107971,4772040,3793772,9.220375353098465e-06,0.0
RES,6149.0,8252.0,0.5800000008874979,315493684,182986337,1.949008906308248e-05,2.615583264735024e-05
RAFAKO,1609.0,0.0,1.3280000002486319,160880445,213649231,1.0001215498875578e-05,0.0
REINHOLD,285.0,41567.0,0.10600000178366481,143524724,15213621,1.9857205926415856e-06,0.0002896156065766063
RELPOL,48046.0,0.0,6.200000041626804,9609193,59576997,0.005000003642345408,0.0
REMAK,7500.0,56641.0,13.0,3000000,39000000,0.0025,0.018880333333333332
RNC,64560.0,44285.0,1.34,80700000,108138000,0.0008,0.0005487608426270137
RANK-PROGRESS,3718.0,45853.0,2.1700000134468063,37183550,80688304,9.999045276742e-05,0.0012331528323680768
ROPCZYCE,15649.0,39294.0,28.79999996804925,6259634,180277459,0.00249998642093132,0.006277363820312817
RVU,7342.0,279063.0,57.79999998269907,23120148,1336344554,0.0003175585208191574,0.012070121696452808
RAWLPLUG,32560.0,146674.0,16.55,32560000,538868000,0.001,0.00450472972972973
SCP,273.0,71471.0,195.0,2725930,531556350,0.00010014930684206858,0.02621894179234243
SEKO,665.0,73849.0,6.8,6650000,45220000,0.0001,0.011105112781954887
SELENA-FM,1142.0,692629.0,26.4,22834000,602817600,5.001313830253131e-05,0.03033323114653587
SEN,1766997.0,112497.0,4.5799999970192715,114066073,522422614,0.015490995293578662,0.0009862441744619367
SESCOM,2100.0,4005.0,27.0,2100000,56700000,0.001,0.0019071428571428573
AS-SILVANO-FASHION,17531.0,24188.0,6.0,36000000,216000000,0.00048697222222222224,0.0006718888888888889
SFINKS,37941.0,1045.0,0.8779999891410503,37941054,33312245,0.0009999985767395918,2.7542724564267507e-05
SYGNITY,25956.0,20763.0,32.0,22759947,728318304,0.0011404244482643127,0.0009122604723112932
SADOVAYA,1298.0,85920.0,0.11999999628647032,43085693,5170283,3.012600957816786e-05,0.0019941654414146245
SOHO-DEVELOPMENT,2753.0,29319.0,0.8100000032691478,27530111,22299390,9.999959680511278e-05,0.0010649793602357798
STARHEDGE,32110.0,0.0,0.396,108939000,43139844,0.00029475210897841913,0.0
SHO,2852.0,11837.0,27.0,28515000,769905000,0.00010001753463089602,0.0004151148518323689
SIM,625.0,1090.0,4.04,6250000,25250000,0.0001,0.0001744
SNIEZKA,12618.0,0.0,68.0,12617778,858008904,0.0010000175942230082,0.0
SKARBIEC-HOLDING,5457.0,70580.0,19.599999970681697,6821677,133704869,0.000799949924336787,0.01034642947767829
SKYLINE-INVESTMENT,23321.0,20790.0,0.718,23321000,16744478,0.001,0.0008914712062089962
SKOTAN,65880.0,141735.0,1.326,65880000,87356880,0.001,0.0021514116575591987
SLV,14684.0,109441.0,82.0,18355474,1505148868,0.0007999793413125697,0.005962308573453347
SLZ,,,0.20200000739338617,18665331,3770397,,
STOMIL-SANOK,5376.0,1792.0,18.1200000133919,26881922,487100427,0.00019998570042722392,6.666190014240798e-05
SYNEKTIK,4265.0,64663.0,45.85000004103584,8529129,391060565,0.000500051060313427,0.007581430647842236
SANWIL-HOLDING,9602.0,41646.0,1.2699999812544402,16003790,20324813,0.0005999828790555237,0.0026022585899964945
SUNEX,16233.0,310.0,20.100000024640817,20291535,407859854,0.0007999887637874611,1.5277306522153203e-05
SOLAR-COMPANY,30000.0,142317.0,4.3,3000000,12900000,0.01,0.047439
SONEL,1400.0,29404.0,10.4,14000000,145600000,0.0001,0.0021002857142857143
SOPHARMA,323232.0,113905.0,12.200000001483703,134797899,1644534368,0.0023979008752948,0.000845005751907157
SPR,109.0,630.0,576.0,1090094,627894144,9.99913768904333e-05,0.0005779318113850732
STALPROFIL,1750.0,8000.0,9.89,17500000,173075000,0.0001,0.00045714285714285713
STH,156535.0,0.0,17.96000000204427,156534958,2811367846,0.0010000002683106734,0.0
STALPRODUKT,11161.0,8416.0,274.0,5580267,1528993158,0.0020000835085489635,0.0015081715624001503
STS,1164.0,11954.0,0.6439999724974388,13962336,8991744,8.336713856477885e-05,0.0008561604591094212
STALEXPORT-AUTOSTRADY,185447.0,495142.0,2.690000000525758,247262023,665134842,0.0007500019523823115,0.0020024991868646163
SUWARY,9230.0,5718.0,34.4,4615070,158758408,0.0019999696645988034,0.0012389844574405154
SVRS,7821.0,139317.0,5.0,15787263,78936315,0.0004953993608645147,0.008824645538621863
SECO-WARWICK,3616.0,78666.0,26.0,10298554,267762404,0.0003511172539368148,0.007638548091314567
TARCZYNSKI,11347.0,37525.0,45.0,11346936,510612120,0.0010000056402891494,0.0033070601614391764
TBL,119.0,18214.0,7.720000336613916,1188305,9173715,0.00010014264014710028,0.015327714686044408
TEN,733.0,496.0,117.5,7334822,861841585,9.993425880000905e-05,6.762263624120668e-05
THG,205.0,22064.0,40.0,2045671,81826840,0.00010021161760615466,0.010785703077376568
TIM,22199.0,93037.0,48.7,22199200,1081101040,0.0009999909906663303,0.004191006883130924
TALEX,3000.0,46337.0,15.0,3000092,45001380,0.000999969334273749,0.0154451930140809
TATRY-MOUNTAIN-RESORTS,194509.0,126068.0,125.0,6707198,838399750,0.029000038466137423,0.018795926406228056
TOYA,7504.0,35677.0,5.849999998667417,75042226,438997022,9.99970336700833e-05,0.00047542566234642344
TORPOL,4594.0,54617.0,20.9,22970000,480073000,0.0002,0.0023777535916412714
TOW,1561.0,30072.0,7.2,1560750,11237400,0.001000160179400929,0.019267659778952426
TAURON,8763000.0,3009000.0,1.8830000000559186,1752549394,3300050509,0.005000144378241701,0.0017169273575407143
TRITON-DEVELOPMENT,25458.0,56933.0,4.860000034566612,6364523,30931582,0.003999985544871155,0.00894536794037825
TRAKCJA,269161.0,198139.0,1.5379999997384464,336450976,517461601,0.0008000006515065066,0.0005889089767419786
TRANS-POLONIA,2285.0,75540.0,3.859999979866692,22847711,88192164,0.00010001001850907516,0.0033062392989827295
TERMO-REX,11350.0,3950.0,0.59,113500000,66965000,0.0001,3.480176211453745e-05
TESGAS,11350.0,62968.0,3.29,11350000,37341500,0.001,0.00554784140969163
TXM,149170.0,42828.0,0.1,38890000,3889000,0.0038356904088454615,0.0011012599640010286
UNIMA-2000,2735.0,13417.0,5.6,2735500,15318800,0.0009998172180588558,0.004904770608663864
ULG,523.0,2955.0,14.98,5230000,78345400,0.0001,0.0005650095602294455
ULMA-CONSTRUCCION,10511.0,114990.0,55.0,5255632,289059760,0.001999949768172505,0.0218793857713021
UNF,2984.0,34757.0,2.3200000026401195,30301656,70299842,9.847646610469078e-05,0.001147033020241534
UNIBEP,3507.0,63894.0,7.400000011405553,35070634,259522692,9.999819221973575e-05,0.001821866123093184
UNIMOT-GAZ,8198.0,306992.0,101.0,8197818,827979618,0.0010000222010295911,0.03744801360557163
VGO,729.0,8865.0,566.0,729000,412614000,0.001,0.012160493827160494
VINDEXUS,1170.0,7302.0,6.34,11700000,74178000,0.0001,0.0006241025641025641
VOTUM,1200.0,5702.0,43.65,12000000,523800000,0.0001,0.00047516666666666665
VOXEL,10503.0,88861.0,41.0,10502600,430606600,0.0010000380858073239,0.008460857311522862
VRC,444.0,311109.0,47.700000022498415,22223785,1060074545,1.9978595005306253e-05,0.013998920525914015
VRG,49122.0,0.0,3.2,234455840,750258688,0.000209514934667441,0.0
VISTAL,824.0,80180.0,0.7149999936280016,16478347,11782018,5.000501567299196e-05,0.004865779316335552
VIVID-GAMES,3229.0,3406.0,0.9199999876106408,32285770,29702908,0.0001000131017473023,0.00010549539317166666
WASKO,91187.0,6129.0,1.65,91187500,150459375,0.0009999945167923235,6.721315969842357e-05
WIKANA,39510.0,65202.0,3.230000014173581,19755064,63808857,0.0019999935206486802,0.00330052081835827
WIS,175302.0,26640.0,0.23999998357121904,21912764,5259063,0.0079999948888237,0.0012157297910934466
WIELTON,12075.0,72368.0,7.73,60375000,466698750,0.0002,0.0011986418219461698
WOJAS,12677.0,71731.0,8.44000003786487,12676658,106990994,0.00100002697871947,0.005658510310840602
WIRTUALNA-POLSKA,1464.0,327763.0,99.29999998634395,29291058,2908602059,4.998112393208876e-05,0.011189865521416126
WTN,3658.0,51911.0,29.8,18290470,545056006,0.00019999486071161648,0.002838144673154927
WAWEL,7499.0,577970.0,470.0,1499755,704884850,0.005000150024504002,0.38537627812542713
WARIMPEX,262969.0,0.0,3.17,54000000,171180000,0.0048697962962962965,0.0
XTB,5869.0,71608.0,32.83999999659237,117383635,3854878573,4.999845165810379e-05,0.0006100339284943766
XTP,203.0,1531.0,110.0,2029222,223214420,0.00010003833981693477,0.0007544763461070302
YOLO,8879.0,7446.0,0.3690000466258537,8879194,3276423,0.0009999781511700273,0.0008385896287433296
ZAKLADY-AZOTOWE-PULAWY,191150.0,237650.0,79.2,19115000,1513908000,0.01,0.012432644520010463
ZEPAK,101647.0,1133179.0,22.70000000196759,50823547,1153694517,0.001999998150463603,0.022296338348836615
ZAMET-INDUSTRY,74144.0,33101.0,1.22,105920000,129222400,0.0007,0.0003125094410876133
ZREMB-CHOJNICE,6500.0,24606.0,3.86,13000000,50180000,0.0005,0.0018927692307692309
ZUE,5758.0,93837.0,4.95000000651322,23030083,113998911,0.00025002080973828884,0.004074540243732513
STAPORKOW,2211.0,12771.0,5.740000061502601,6503790,37331755,0.00033995562587352913,0.0019636242867620266
ZYWIEC,25678.0,113654.0,481.0,10271337,4940513097,0.002499966654779217,0.011065161234608503
